iteration,secondPartCharge,compensationCharge,waterUndertaker,volume,source,eiucSource,season,loss,region,abatementAdjustment,s127Agreement,s130Agreement,billableDays,abstractableDays,expChargeValue,expSucFactor,expVolumeFactor,expSourceFactor,expSeasonFactor,expLossFactor,expAbatementAdjustment,expS127Agreement,expS130Agreement,expEiucSourceFactor,expEiucFactor,expDP_sourceFactor,expDP_seasonFactor,expDP_lossFactor,expDP_volumeFactor,expDP_abatementAdjustment,expDP_s127Agreement,expDP_s130Agreement,expDP_secondPartCharge,expDP_waterUndertaker,expDP_eiucFactor,expDP_compensationCharge,expDP_eiucSourceFactor,expDP_sucFactor
1,false,false,false,10785,Supported,,All Year,Medium,Devon and Cornwall (South West),0.50,false,true,238,366,103672.58,19.71,10785,3.0,1.0,0.6,S126 x 0.5,,S130S x 0.833,0.0,0.0,32355,32355,19413,10785,191315.115,191315.115,159429.2624,false,false,0,false,0,382630.23
2,false,false,false,6.4827,Unsupported,,All Year,Medium,Thames,1.00,false,false,210,366,30.89,13.84,6.4827,1.0,1.0,0.6,S126 x 1.0,,,0.0,0.0,6.4827,6.4827,3.88962,6.4827,53.8323408,53.8323408,53.8323408,false,false,0,false,0,53.8323408
3,false,false,false,12.502,Unsupported,,Winter,High,North and South Wessex,1.00,false,false,152,152,39.43,19.71,12.502,1.0,0.16,1.0,S126 x 1.0,,,0.0,0.0,12.502,2.00032,2.00032,12.502,39.4263072,39.4263072,39.4263072,false,false,0,false,0,39.4263072
4,false,false,false,2722.277,Unsupported,,Winter,High,Wales,1.00,false,false,152,152,5914.96,13.58,2722.277,1.0,0.16,1.0,S126 x 1.0,,,0.0,0.0,2722.277,435.56432,435.56432,2722.277,5914.963466,5914.963466,5914.963466,false,false,0,false,0,5914.963466
5,false,true,false,27.277,Unsupported,Unsupported,Winter,High,Devon and Cornwall (South West),1.00,false,false,152,152,56.34,0,27.277,0,0.16,1.0,S126 x 1.0,,,1.0,12.91,0,4.36432,4.36432,27.277,56.3433712,0,56.3433712,false,false,56.3433712,true,27.277,0
6,false,false,false,20.458,Tidal,,Summer,High,Thames,1.00,true,false,139,245,25.70,13.84,20.458,0.2,1.6,1.0,S126 x 1.0,S127 x 0.5,,0.0,0.0,4.0916,6.54656,6.54656,20.458,90.6043904,45.3021952,45.3021952,false,false,0,false,0,90.6043904
7,false,false,false,3.409,Tidal,,Summer,High,Devon and Cornwall (South West),1.00,true,false,31,245,1.36,19.71,3.409,0.2,1.6,1.0,S126 x 1.0,S127 x 0.5,,0.0,0.0,0.6818,1.09088,1.09088,3.409,21.5012448,10.7506224,10.7506224,false,false,0,false,0,21.5012448
8,false,false,false,3.805,Supported,,Summer,High,Anglian,0.10,false,false,365,366,50.11,27.51,3.805,3.0,1.6,1.0,S126 x 0.1,,,0.0,0.0,11.415,18.264,18.264,3.805,50.244264,50.244264,50.244264,false,false,0,false,0,502.44264
9,false,false,false,1001.22,Unsupported,,Summer,High,Wales,1.00,false,false,2,25,1740.36,13.58,1001.22,1.0,1.6,1.0,S126 x 1.0,,,0.0,0.0,1001.22,1601.952,1601.952,1001.22,21754.50816,21754.50816,21754.50816,false,false,0,false,0,21754.50816
10,true,false,false,1002,Tidal,Supported,Winter,High,Northumbria,1.00,false,true,0,0,475.19,29.64,1002,0.2,0.16,1.0,S126 x 1.0,,S130U x 0.5,0.0,0.0,200.4,32.064,32.064,1002,950.37696,950.37696,475.18848,true,false,0,false,0,950.37696
11,false,true,false,0.912,Kielder,Tidal,Winter,Medium,North West,1.00,false,false,210,210,0.07,0,0.912,0,0.16,0.6,S126 x 1.0,,,0.2,3.86,0,0.029184,0.0175104,0.912,0.067590144,0,0.067590144,false,false,0.067590144,true,0.1824,0
12,false,false,false,1004,Supported,,All Year,Medium,Southern,1.00,false,false,309,365,29420.57,19.23,1004,3.0,1.0,0.6,S126 x 1.0,,,0.0,0.0,3012,3012,1807.2,1004,34752.456,34752.456,34752.456,false,false,0,false,0,34752.456
13,false,false,false,100050,Unsupported,,All Year,Low,South West (incl Wessex),1.00,true,false,355,365,28769.38,19.71,100050,1.0,1.0,0.03,S126 x 1.0,S127 x 0.5,,0.0,0.0,100050,100050,3001.5,100050,59159.565,29579.7825,29579.7825,false,false,0,false,0,59159.565
14,true,false,false,100,Tidal,Kielder,Summer,Low,North and South Wessex,1.00,true,false,0,0,9.46,19.71,100,0.2,1.6,0.03,S126 x 1.0,S127 x 0.5,,0.0,0.0,20,32,0.96,100,18.9216,9.4608,9.4608,true,false,0,false,0,18.9216
15,false,true,false,0.66,Kielder,Kielder,Summer,Low,Thames,0.89,false,true,366,366,0.02,0,0.66,0,1.6,0.03,S126 x 0.89,,S130S x 0.833,1.0,0.83,0,1.056,0.03168,0.66,0.023402016,0,0.01950168,false,false,0.0262944,true,0.66,0
16,false,false,false,1008,Supported,,Winter,Very Low,Devon and Cornwall (South West),1.00,false,true,0,2,0.00,19.71,1008,3.0,0.16,0.003,S126 x 1.0,,S130S x 0.833,0.0,0.0,3024,483.84,1.45152,1008,28.6094592,28.6094592,23.84121599,false,false,0,false,0,28.6094592
17,false,false,false,100,Unsupported,,Winter,Very Low,North and South Wessex,0.90,false,false,1,366,0.00,19.71,100,1.0,0.16,0.003,S126 x 0.9,,,0.0,0.0,100,16,0.048,100,0.851472,0.851472,0.851472,false,false,0,false,0,0.94608
18,true,false,false,0,Tidal,Supported,Summer,High,Anglian,1.00,false,false,0,0,0.00,27.51,0,0.2,1.6,1.0,S126 x 1.0,,,0.0,0.0,0,0,0,0,0,0,0,true,false,0,false,0,0
19,false,true,false,0,Kielder,Tidal,Summer,High,Anglian,0.99,false,false,183,183,0.00,0,0,0,1.6,1.0,S126 x 0.99,,,0.2,0.00,0,0,0,0,0,0,0,false,false,0,true,0,0
20,false,false,false,3637,Supported,,All Year,Very Low,Midlands,1.00,false,false,43,366,57.49,14.95,3637,3.0,1.0,0.003,S126 x 1.0,,,0.0,0.0,10911,10911,32.733,3637,489.35835,489.35835,489.35835,false,false,0,false,0,489.35835
21,false,false,false,99999.9,Unsupported,,Winter,High,Wales,0.11,false,true,1,18,663.91,13.58,99999.9,1.0,0.16,1.0,S126 x 0.11,,S130U x 0.5,0.0,0.0,99999.9,15999.984,15999.984,99999.9,23900.7761,23900.7761,11950.38805,false,false,0,false,0,217279.7827
22,true,false,false,0.01,Unsupported,Tidal,Summer,Medium,Northumbria,1.00,false,true,0,0,0.14,29.64,0.01,1.0,1.6,0.6,S126 x 1.0,,S130U x 0.5,0.0,0.0,0.01,0.016,0.0096,0.01,0.284544,0.284544,0.142272,true,false,0,false,0,0.284544
23,false,true,false,1001.999,Tidal,Unsupported,Winter,Medium,Northumbria,0.89,false,false,360,366,0.00,0,1001.999,0,0.16,0.6,S126 x 0.89,,,1.0,0.00,0,160.31984,96.191904,1001.999,0,0,0,false,false,0,true,1001.999,0
24,false,false,false,1002,Kielder,,Winter,Low,North West,1.00,false,false,199,200,180.46,12.57,1002,3.0,0.16,0.03,S126 x 1.0,,,0.0,0.0,3006,480.96,14.4288,1002,181.370016,181.370016,181.370016,false,false,0,false,0,181.370016
25,false,false,false,1003.33,Supported,,All Year,High,Dee,0.04,true,false,99,101,801.32,13.58,1003.33,3.0,1.0,1.0,S126 x 0.04,S127 x 0.5,,0.0,0.0,3009.99,3009.99,3009.99,1003.33,1635.026568,817.513284,817.513284,false,false,0,false,0,40875.6642
26,true,false,false,0.775,Unsupported,Tidal,All Year,Low,Southern,1.00,true,false,0,0,0.22,19.23,0.775,1.0,1.0,0.03,S126 x 1.0,S127 x 0.5,,0.0,0.0,0.775,0.775,0.02325,0.775,0.4470975,0.22354875,0.22354875,true,false,0,false,0,0.4470975
27,false,true,false,1005.22,Tidal,Unsupported,Summer,Very Low,South West (incl Wessex),1.00,true,false,64,75,53.16,0,1005.22,0,1.6,0.003,S126 x 1.0,,,1.0,12.91,0,1608.352,4.825056,1005.22,62.29147296,0,62.29147296,false,false,62.29147296,true,1005.22,0
28,false,false,false,0.123,Kielder,,Summer,High,Southern,0.00,true,false,0,1,0.00,19.23,0.123,3.0,1.6,1.0,S126 x 0.0,S127 x 0.5,,0.0,0.0,0.369,0.5904,0.5904,0.123,0,0,0,false,false,0,false,0,11.353392
29,false,false,false,1007,Supported,,Winter,Medium,South West (incl Wessex),1.00,false,true,361,366,4698.44,19.71,1007,3.0,0.16,0.6,S126 x 1.0,,S130S x 0.833,0.0,0.0,3021,483.36,290.016,1007,5716.21536,5716.21536,4763.512798,false,false,0,false,0,5716.21536
30,true,false,false,2,Unsupported,Kielder,Winter,Medium,Devon and Cornwall (South West),1.00,false,false,0,0,3.78,19.71,2,1.0,0.16,0.6,S126 x 1.0,,,0.0,0.0,2,0.32,0.192,2,3.78432,3.78432,3.78432,true,false,0,false,0,3.78432
31,false,true,true,0.999,Tidal,Other,Winter,Very Low,Wales,1.00,false,false,110,119,0.00,0,0.999,0,0.16,0.003,S126 x 1.0,,,1.0,0.00,0,0.15984,0.00047952,0.999,0,0,0,false,true,0,true,0.999,0
32,false,false,false,8180,Kielder,,Winter,Very Low,Yorkshire,0.50,false,false,210,210,68.50,11.63,8180,3.0,0.16,0.003,S126 x 0.5,,,0.0,0.0,24540,3926.4,11.7792,8180,68.496048,68.496048,68.496048,false,false,0,false,0,136.992096
33,false,false,false,32100.1,Supported,,All Year,Low,Yorkshire,1.00,false,false,309,365,28444.23,11.63,32100.1,3.0,1.0,0.03,S126 x 1.0,,,0.0,0.0,96300.3,96300.3,2889.009,32100.1,33599.17467,33599.17467,33599.17467,false,false,0,false,0,33599.17467
34,true,false,false,0.009,Supported,Supported,All Year,Very Low,Dee,1.00,true,false,0,0,0.00,13.58,0.009,3.0,1.0,0.003,S126 x 1.0,S127 x 0.5,,0.0,0.0,0.027,0.027,0.000081,0.009,0.00109998,0.00054999,0.00054999,true,false,0,false,0,0.00109998
35,false,true,false,0.0001,Tidal,Supported,Summer,High,Dee,0.50,true,false,365,365,0.00,0,0.0001,0,1.6,1.0,S126 x 0.5,,,1.0,8.69,0,0.00016,0.00016,0.0001,0.0006952,0,0.0006952,false,false,0.0013904,true,0.0001,0
36,false,false,false,32100.001,Tidal,,Summer,Medium,Wye,0.01,false,true,366,366,418.48,13.58,32100.001,0.2,1.6,0.6,S126 x 0.01,,S130U x 0.5,0.0,0.0,6420.0002,10272.00032,6163.200192,32100.001,836.9625861,836.9625861,418.481293,false,false,0,false,0,83696.25861
37,false,false,false,1008,Supported,,Winter,Medium,North and South Wessex,1.00,false,true,0,2,0.00,19.71,1008,3.0,0.16,0.6,S126 x 1.0,,S130S x 0.833,0.0,0.0,3024,483.84,290.304,1008,5721.89184,5721.89184,4768.243198,false,false,0,false,0,5721.89184
38,true,false,false,1,Unsupported,Unsupported,Winter,High,Midlands,1.00,false,true,0,0,1.20,14.95,1,1.0,0.16,1.0,S126 x 1.0,,S130U x 0.5,0.0,0.0,1,0.16,0.16,1,2.392,2.392,1.196,true,false,0,false,0,2.392
39,false,true,true,1.001,Unsupported,Tidal,All Year,High,Devon and Cornwall (South West),0.03,false,false,214,218,0.00,0,1.001,0,1.0,1.0,S126 x 0.03,,,0.2,0.00,0,0.2002,0.2002,1.001,0,0,0,false,true,0,true,0.2002,0
40,false,false,false,32100,Unsupported,,Winter,Medium,North West,0.89,true,false,183,183,17237.39,12.57,32100,1.0,0.16,0.6,S126 x 0.89,S127 x 0.5,,0.0,0.0,32100,5136,3081.6,32100,34474.78368,17237.39184,17237.39184,false,false,0,false,0,38735.712
41,false,false,false,3637,Tidal,,Summer,High,Devon and Cornwall (South West),1.00,false,false,43,366,2695.05,19.71,3637,0.2,1.6,1.0,S126 x 1.0,,,0.0,0.0,727.4,1163.84,1163.84,3637,22939.2864,22939.2864,22939.2864,false,false,0,false,0,22939.2864
42,false,true,false,999999.9999,Kielder,Supported,Winter,Medium,South West (incl Wessex),1.00,false,false,1,18,68853.33,0,999999.9999,0,0.16,0.6,S126 x 1.0,,,1.0,12.91,0,160000,95999.99999,999999.9999,1239360,0,1239360,false,false,1239360,true,999999.9999,0
43,true,false,false,0,Supported,Tidal,Winter,Medium,Thames,1.00,false,false,0,0,0.00,13.84,0,3.0,0.16,0.6,S126 x 1.0,,,0.0,0.0,0,0,0,0,0,0,0,true,false,0,false,0,0
44,false,false,false,0.01,Unsupported,,All Year,Low,Yorkshire,0.99,false,false,360,366,0.00,11.63,0.01,1.0,1.0,0.03,S126 x 0.99,,,0.0,0.0,0.01,0.01,0.0003,0.01,0.00345411,0.00345411,0.00345411,false,false,0,false,0,0.003489
45,false,false,false,1001,Tidal,,All Year,Low,Dee,1.00,false,true,199,200,40.58,13.58,1001,0.2,1.0,0.03,S126 x 1.0,,S130U x 0.5,0.0,0.0,200.2,200.2,6.006,1001,81.56148,81.56148,40.78074,false,false,0,false,0,81.56148
46,false,true,false,0.01,Kielder,Kielder,Summer,Low,Wye,1.00,true,false,99,101,0.00,0,0.01,0,1.6,0.03,S126 x 1.0,,,1.0,8.69,0,0.016,0.00048,0.01,0.0041712,0,0.0041712,false,false,0.0041712,true,0.01,0
47,true,false,false,0,Supported,Kielder,Summer,Very Low,Northumbria,1.00,true,false,0,0,0.00,29.64,0,3.0,1.6,0.003,S126 x 1.0,S127 x 0.5,,0.0,0.0,0,0,0,0,0,0,0,true,false,0,false,0,0
48,false,false,false,2,Unsupported,,Winter,Very Low,North West,0.90,true,false,64,75,0.00,12.57,2,1.0,0.16,0.003,S126 x 0.9,S127 x 0.5,,0.0,0.0,2,0.32,0.00096,2,0.01086048,0.00543024,0.00543024,false,false,0,false,0,0.0120672
49,false,false,false,1003,Tidal,,Winter,High,Southern,0.50,true,false,0,366,0.00,19.23,1003,0.2,0.16,1.0,S126 x 0.5,S127 x 0.5,,0.0,0.0,200.6,32.096,32.096,1003,308.60304,154.30152,154.30152,false,false,0,false,0,617.20608
50,false,true,false,11.6,Kielder,Kielder,Summer,High,Wales,1.00,false,false,364,365,160.84,0,11.6,0,1.6,1.0,S126 x 1.0,,,1.0,8.69,0,18.56,18.56,11.6,161.2864,0,161.2864,false,false,161.2864,true,11.6,0
51,true,false,false,10050,Supported,Supported,Summer,Very Low,Wales,1.00,false,true,0,0,1637.75,13.58,10050,3.0,1.6,0.003,S126 x 1.0,,S130S x 0.833,0.0,0.0,30150,48240,144.72,10050,1965.2976,1965.2976,1637.747999,true,false,0,false,0,1965.2976
52,false,false,false,100,Supported,,All Year,High,Wales,0.96,false,true,199,200,3242.90,13.58,100,3.0,1.0,1.0,S126 x 0.96,,S130S x 0.833,0.0,0.0,300,300,300,100,3911.04,3911.04,3259.199999,false,false,0,false,0,4074
53,false,false,false,1.06,Supported,,Winter,Medium,Wales,0.50,false,true,99,101,1.69,13.58,1.06,3.0,0.16,0.6,S126 x 0.5,,S130S x 0.833,0.0,0.0,3.18,0.5088,0.30528,1.06,2.0728512,2.0728512,1.727375999,false,false,0,false,0,4.1457024
54,false,true,false,1008,Tidal,Other,Summer,Medium,North and South Wessex,1.00,false,false,9,99,1135.70,0,1008,0,1.6,0.6,S126 x 1.0,,,1.0,12.91,0,1612.8,967.68,1008,12492.7488,0,12492.7488,false,false,12492.7488,true,1008,0
55,true,false,false,100,Kielder,Kielder,Winter,Low,North West,1.00,false,false,0,0,18.10,12.57,100,3.0,0.16,0.03,S126 x 1.0,,,0.0,0.0,300,48,1.44,100,18.1008,18.1008,18.1008,true,false,0,false,0,18.1008
56,false,false,false,8180,Supported,,Winter,High,Dee,1.00,false,false,0,366,0.00,13.58,8180,3.0,0.16,1.0,S126 x 1.0,,,0.0,0.0,24540,3926.4,3926.4,8180,53320.512,53320.512,53320.512,false,false,0,false,0,53320.512
57,false,false,false,32100,Unsupported,,All Year,Low,Southern,1.00,false,false,361,366,18265.51,19.23,32100,1.0,1.0,0.03,S126 x 1.0,,,0.0,0.0,32100,32100,963,32100,18518.49,18518.49,18518.49,false,false,0,false,0,18518.49
58,false,true,true,3637,Tidal,Tidal,All Year,Very Low,Thames,0.50,false,false,2,25,0.00,0,3637,0,1.0,0.003,S126 x 0.5,,,0.2,0.00,0,727.4,2.1822,3637,0,0,0,false,true,0,true,727.4,0
59,true,false,false,999999.9,Kielder,Unsupported,Summer,High,South West (incl Wessex),1.00,false,false,0,0,94607990.54,19.71,999999.9,3.0,1.6,1.0,S126 x 1.0,,,0.0,0.0,2999999.7,4799999.52,4799999.52,999999.9,94607990.54,94607990.54,94607990.54,true,false,0,false,0,94607990.54
60,false,false,false,0.01,Unsupported,,Summer,Medium,South West (incl Wessex),1.00,false,true,210,210,0.09,19.71,0.01,1.0,1.6,0.6,S126 x 1.0,,S130U x 0.5,0.0,0.0,0.01,0.016,0.0096,0.01,0.189216,0.189216,0.094608,false,false,0,false,0,0.189216
61,false,false,false,1001.999,Unsupported,,Winter,Medium,Thames,1.00,false,false,309,365,1127.04,13.84,1001.999,1.0,0.16,0.6,S126 x 1.0,,,0.0,0.0,1001.999,160.31984,96.191904,1001.999,1331.295951,1331.295951,1331.295951,false,false,0,false,0,1331.295951
62,false,true,false,1002,Tidal,Tidal,Winter,Very Low,Thames,0.89,false,false,355,365,0.07,0,1002,0,0.16,0.003,S126 x 0.89,,,0.2,0.83,0,32.064,0.096192,1002,0.07105703,0,0.07105703,false,false,0.07983936,true,200.4,0
63,false,false,false,1003.33,Kielder,,Winter,Very Low,Yorkshire,1.00,false,false,365,365,16.80,11.63,1003.33,3.0,0.16,0.003,S126 x 1.0,,,0.0,0.0,3009.99,481.5984,1.4447952,1003.33,16.80296818,16.80296818,16.80296818,false,false,0,false,0,16.80296818
64,true,false,false,0,Supported,Unsupported,Winter,Low,Yorkshire,1.00,false,false,0,0,0.00,11.63,0,3.0,0.16,0.03,S126 x 1.0,,,0.0,0.0,0,0,0,0,0,0,0,true,false,0,false,0,0
65,false,false,false,1005,Unsupported,,All Year,Very Low,North and South Wessex,1.00,false,true,0,2,0.00,19.71,1005,1.0,1.0,0.003,S126 x 1.0,,S130U x 0.5,0.0,0.0,1005,1005,3.015,1005,59.42565,59.42565,29.712825,false,false,0,false,0,59.42565
66,false,true,false,100,Supported,Other,All Year,High,North and South Wessex,0.50,true,true,365,366,536.45,0,100,0,1.0,1.0,S126 x 0.5,,S130S x 0.833,1.0,12.91,0,100,100,100,645.5,0,537.9166665,false,false,1291,true,100,0
67,false,false,false,2.654,Unsupported,,Summer,Medium,Wye,1.00,false,false,214,366,20.23,13.58,2.654,1.0,1.6,0.6,S126 x 1.0,,,0.0,0.0,2.654,4.2464,2.54784,2.654,34.5996672,34.5996672,34.5996672,false,false,0,false,0,34.5996672
68,true,false,false,0.001,Tidal,Unsupported,Summer,Medium,Wye,1.00,false,false,0,0,0.00,13.58,0.001,0.2,1.6,0.6,S126 x 1.0,,,0.0,0.0,0.0002,0.00032,0.000192,0.001,0.00260736,0.00260736,0.00260736,true,false,0,false,0,0.00260736
69,false,false,false,0.999,Unsupported,,Winter,High,Midlands,0.88,true,false,210,211,1.05,14.95,0.999,1.0,0.16,1.0,S126 x 0.88,S127 x 0.5,,0.0,0.0,0.999,0.15984,0.15984,0.999,2.10285504,1.05142752,1.05142752,false,false,0,false,0,2.389608
70,false,true,false,8180,Unsupported,Supported,Winter,Very Low,North West,1.00,true,false,309,365,12.83,0,8180,0,0.16,0.003,S126 x 1.0,,,1.0,3.86,0,1308.8,3.9264,8180,15.155904,0,15.155904,false,false,15.155904,true,8180,0
71,false,false,false,32100.1,Supported,,All Year,Low,Southern,1.00,false,false,355,355,55555.64,19.23,32100.1,3.0,1.0,0.03,S126 x 1.0,,,0.0,0.0,96300.3,96300.3,2889.009,32100.1,55555.64307,55555.64307,55555.64307,false,false,0,false,0,55555.64307
72,false,false,false,3637,Unsupported,,Summer,Very Low,South West (incl Wessex),1.00,false,false,36,41,302.13,19.71,3637,1.0,1.6,0.003,S126 x 1.0,,,0.0,0.0,3637,5819.2,17.4576,3637,344.089296,344.089296,344.089296,false,false,0,false,0,344.089296
73,true,false,false,0.001,Unsupported,Unsupported,Summer,High,North and South Wessex,1.00,false,true,0,0,0.02,19.71,0.001,1.0,1.6,1.0,S126 x 1.0,,S130U x 0.5,0.0,0.0,0.001,0.0016,0.0016,0.001,0.031536,0.031536,0.015768,true,false,0,false,0,0.031536
74,false,true,false,32100.001,Kielder,Tidal,Winter,Medium,Yorkshire,1.00,false,false,0,2,0.00,0,32100.001,0,0.16,0.6,S126 x 1.0,,,0.2,0.00,0,1027.200032,616.3200192,32100.001,0,0,0,false,false,0,true,6420.0002,0
75,false,false,false,0,Supported,,Winter,Medium,Dee,1.00,false,false,365,365,0.00,13.58,0,3.0,0.16,0.6,S126 x 1.0,,,0.0,0.0,0,0,0,0,0,0,0,false,false,0,false,0,0
76,false,false,false,1,Unsupported,,Summer,High,Devon and Cornwall (South West),1.00,false,false,214,218,30.96,19.71,1,1.0,1.6,1.0,S126 x 1.0,,,0.0,0.0,1,1.6,1.6,1,31.536,31.536,31.536,false,false,0,false,0,31.536
77,false,false,false,8180,Tidal,,Summer,High,Wales,1.00,false,false,183,183,35547.01,13.58,8180,0.2,1.6,1.0,S126 x 1.0,,,0.0,0.0,1636,2617.6,2617.6,8180,35547.008,35547.008,35547.008,false,false,0,false,0,35547.008
78,false,true,false,32100,Kielder,Tidal,All Year,Medium,Anglian,0.03,true,false,43,366,0.00,0,32100,0,1.0,0.6,S126 x 0.03,,,0.2,0.00,0,6420,3852,32100,0,0,0,false,false,0,true,6420,0
79,true,false,false,3637,Supported,Tidal,Winter,High,Devon and Cornwall (South West),1.00,false,true,0,0,28674.11,19.71,3637,3.0,0.16,1.0,S126 x 1.0,,S130S x 0.833,0.0,0.0,10911,1745.76,1745.76,3637,34408.9296,34408.9296,28674.10799,true,false,0,false,0,34408.9296
80,false,false,false,999999.9,Unsupported,,Summer,Medium,Midlands,1.00,true,false,1,1,7175999.28,14.95,999999.9,1.0,1.6,0.6,S126 x 1.0,S127 x 0.5,,0.0,0.0,999999.9,1599999.84,959999.904,999999.9,14351998.56,7175999.282,7175999.282,false,false,0,false,0,14351998.56
81,false,false,false,0.01,Unsupported,,Winter,Medium,Northumbria,1.00,false,false,110,119,0.03,29.64,0.01,1.0,0.16,0.6,S126 x 1.0,,,0.0,0.0,0.01,0.0016,0.00096,0.01,0.0284544,0.0284544,0.0284544,false,false,0,false,0,0.0284544
82,false,true,false,0.01,Tidal,Unsupported,Winter,Low,Devon and Cornwall (South West),1.00,true,false,210,210,0.00,0,0.01,0,0.16,0.03,S126 x 1.0,,,1.0,12.91,0,0.0016,0.000048,0.01,0.00061968,0,0.00061968,false,false,0.00061968,true,0.01,0
83,true,false,false,1.1,Kielder,Kielder,All Year,Low,North West,1.00,false,false,0,0,1.24,12.57,1.1,3.0,1.0,0.03,S126 x 1.0,,,0.0,0.0,3.3,3.3,0.099,1.1,1.24443,1.24443,1.24443,true,false,0,false,0,1.24443
84,false,false,false,101.99914,Supported,,All Year,Low,Dee,0.01,false,false,355,365,1.21,13.58,101.99914,3.0,1.0,0.03,S126 x 0.01,,,0.0,0.0,305.99742,305.99742,9.1799226,101.99914,1.246633489,1.246633489,1.246633489,false,false,0,false,0,124.6633489
85,false,false,false,1002,Unsupported,,Summer,Very Low,Southern,1.00,false,false,365,365,92.49,19.23,1002,1.0,1.6,0.003,S126 x 1.0,,,0.0,0.0,1002,1603.2,4.8096,1002,92.488608,92.488608,92.488608,false,false,0,false,0,92.488608
86,false,true,true,1003.33,Unsupported,Other,Summer,Very Low,Thames,0.88,false,true,366,366,0.00,0,1003.33,0,1.6,0.003,S126 x 0.88,,S130U x 0.5,1.0,0.00,0,1605.328,4.815984,1003.33,0,0,0,false,true,0,true,1003.33,0
87,true,false,false,404.404,Kielder,Supported,Winter,High,South West (incl Wessex),1.00,false,false,0,0,3825.99,19.71,404.404,3.0,0.16,1.0,S126 x 1.0,,,0.0,0.0,1213.212,194.11392,194.11392,404.404,3825.985363,3825.985363,3825.985363,true,false,0,false,0,3825.985363
88,false,false,false,10.77,Supported,,Winter,High,South West (incl Wessex),0.90,false,false,365,366,91.45,19.71,10.77,3.0,0.16,1.0,S126 x 0.9,,,0.0,0.0,32.31,5.1696,5.1696,10.77,91.7035344,91.7035344,91.7035344,false,false,0,false,0,101.892816
89,false,true,false,0.1,Unsupported,Unsupported,Winter,High,North and South Wessex,1.00,false,false,214,366,0.12,0,0.1,0,0.16,1.0,S126 x 1.0,,,1.0,12.91,0,0.016,0.016,0.1,0.20656,0,0.20656,false,false,0.20656,true,0.1,0
90,false,false,false,1007,Tidal,,Winter,Medium,Thames,1.00,false,false,183,183,267.59,13.84,1007,0.2,0.16,0.6,S126 x 1.0,,,0.0,0.0,201.4,32.224,19.3344,1007,267.588096,267.588096,267.588096,false,false,0,false,0,267.588096
91,true,false,false,2,Kielder,Unsupported,All Year,Low,Yorkshire,1.00,false,true,0,0,1.74,11.63,2,3.0,1.0,0.03,S126 x 1.0,,S130S x 0.833,0.0,0.0,6,6,0.18,2,2.0934,2.0934,1.744499999,true,false,0,false,0,2.0934
92,false,false,false,0.999,Supported,,All Year,Very Low,North and South Wessex,0.50,false,true,309,365,0.06,19.71,0.999,3.0,1.0,0.003,S126 x 0.5,,S130S x 0.833,0.0,0.0,2.997,2.997,0.008991,0.999,0.088606305,0.088606305,0.073838587,false,false,0,false,0,0.17721261
93,false,false,false,8180,Supported,,Summer,High,Midlands,1.00,false,false,355,355,586996.80,14.95,8180,3.0,1.6,1.0,S126 x 1.0,,,0.0,0.0,24540,39264,39264,8180,586996.8,586996.8,586996.8,false,false,0,false,0,586996.8
94,false,false,false,32100.1,Tidal,,Summer,Medium,Devon and Cornwall (South West),1.00,false,false,365,365,121477.05,19.71,32100.1,0.2,1.6,0.6,S126 x 1.0,,,0.0,0.0,6420.02,10272.032,6163.2192,32100.1,121477.0504,121477.0504,121477.0504,false,false,0,false,0,121477.0504
95,true,false,false,0.009,Kielder,Supported,Summer,Low,Southern,1.00,false,false,0,0,0.02,19.23,0.009,3.0,1.6,0.03,S126 x 1.0,,,0.0,0.0,0.027,0.0432,0.001296,0.009,0.02492208,0.02492208,0.02492208,true,false,0,false,0,0.02492208
96,false,false,false,0.0001,Supported,,Winter,Very Low,South West (incl Wessex),0.88,false,false,0,2,0.00,19.71,0.0001,3.0,0.16,0.003,S126 x 0.88,,,0.0,0.0,0.0003,0.000048,0.000000144,0.0001,2.49765E-06,2.49765E-06,2.49765E-06,false,false,0,false,0,2.83824E-06
97,false,false,false,32100.0012,Supported,,All Year,Very Low,Thames,1.00,false,false,365,365,3998.38,13.84,32100.0012,3.0,1.0,0.003,S126 x 1.0,,,0.0,0.0,96300.0036,96300.0036,288.9000108,32100.0012,3998.376149,3998.376149,3998.376149,false,false,0,false,0,3998.376149
98,false,false,false,1008,Tidal,,Summer,High,Wales,0.20,false,false,183,183,876.07,13.58,1008,0.2,1.6,1.0,S126 x 0.2,,,0.0,0.0,201.6,322.56,322.56,1008,876.07296,876.07296,876.07296,false,false,0,false,0,4380.3648
99,true,false,false,1,Unsupported,Unsupported,Winter,Medium,Dee,1.00,false,true,0,0,0.65,13.58,1,1.0,0.16,0.6,S126 x 1.0,,S130U x 0.5,0.0,0.0,1,0.16,0.096,1,1.30368,1.30368,0.65184,true,false,0,false,0,1.30368
100,false,false,false,1.001,Kielder,,All Year,Low,Wye,1.00,false,false,309,365,1.04,13.58,1.001,3.0,1.0,0.03,S126 x 1.0,,,0.0,0.0,3.003,3.003,0.09009,1.001,1.2234222,1.2234222,1.2234222,false,false,0,false,0,1.2234222
101,false,false,false,321,Kielder,,Summer,Very Low,Anglian,0.40,false,false,355,355,50.86,27.51,321,3.0,1.6,0.003,S126 x 0.4,,,0.0,0.0,963,1540.8,4.6224,321,50.8648896,50.8648896,50.8648896,false,false,0,false,0,127.162224
102,false,false,false,2.212,Kielder,,Winter,High,Devon and Cornwall (South West),1.00,true,true,365,365,8.72,19.71,2.212,3.0,0.16,1.0,S126 x 1.0,S127 x 0.5,S130S x 0.833,0.0,0.0,6.636,1.06176,1.06176,2.212,20.9272896,10.4636448,8.719703997,false,false,0,false,0,20.9272896
103,true,false,false,0.999,Supported,Supported,All Year,High,Midlands,1.00,true,true,0,0,18.67,14.95,0.999,3.0,1.0,1.0,S126 x 1.0,S127 x 0.5,S130S x 0.833,0.0,0.0,2.997,2.997,2.997,0.999,44.80515,22.402575,18.66881249,true,false,0,false,0,44.80515
104,false,false,false,8180,Supported,,Summer,Medium,North and South Wessex,1.00,false,false,0,2,0.00,19.71,8180,3.0,1.6,0.6,S126 x 1.0,,,0.0,0.0,24540,39264,23558.4,8180,464336.064,464336.064,464336.064,false,false,0,false,0,464336.064
105,false,true,false,3.1,Unsupported,Unsupported,Winter,Low,Northumbria,1.00,false,false,365,365,0.00,0,3.1,0,0.16,0.03,S126 x 1.0,,,1.0,0.00,0,0.496,0.01488,3.1,0,0,0,false,false,0,true,3.1,0
106,false,true,false,0.009,Unsupported,Tidal,All Year,Very Low,North and South Wessex,1.00,false,true,214,366,0.00,0,0.009,0,1.0,0.003,S126 x 1.0,,S130U x 0.5,0.2,12.91,0,0.0018,0.0000054,0.009,0.000069714,0,0.000034857,false,false,0.000069714,true,0.0018,0
107,false,false,false,100.2,Tidal,,All Year,High,North West,0.50,false,false,366,366,125.95,12.57,100.2,0.2,1.0,1.0,S126 x 0.5,,,0.0,0.0,20.04,20.04,20.04,100.2,125.9514,125.9514,125.9514,false,false,0,false,0,251.9028
108,false,false,false,14.3185,Unsupported,,Summer,High,Wales,1.00,true,false,134,214,97.40,13.58,14.3185,1.0,1.6,1.0,S126 x 1.0,S127 x 0.5,,0.0,0.0,14.3185,22.9096,22.9096,14.3185,311.112368,155.556184,155.556184,false,false,0,false,0,311.112368
109,false,true,false,5.4,Unsupported,Unsupported,All Year,Medium,Thames,0.50,false,false,366,366,1.34,0,5.4,0,1.0,0.6,S126 x 0.5,,,1.0,0.83,0,5.4,3.24,5.4,1.3446,0,1.3446,false,false,2.6892,true,5.4,0
110,false,true,false,32.991,Unsupported,Other,Summer,High,Thames,1.00,false,false,31,245,5.54,0,32.991,0,1.6,1.0,S126 x 1.0,,,1.0,0.83,0,52.7856,52.7856,32.991,43.812048,0,43.812048,false,false,43.812048,true,32.991,0
111,false,false,false,99.092,Supported,,Summer,High,South West (incl Wessex),1.00,false,false,287,365,7371.49,19.71,99.092,3.0,1.6,1.0,S126 x 1.0,,,0.0,0.0,297.276,475.6416,475.6416,99.092,9374.895936,9374.895936,9374.895936,false,false,0,false,0,9374.895936
112,true,false,false,75,Supported, ,Winter,High,North and South Wessex,1.00,true,false,0,0,354.78,19.71,75,3.0,0.16,1.0,S126 x 1.0,S127 x 0.5,,0.0,0.0,225,36,36,75,709.56,354.78,354.78,true,false,0,false,0,709.56
113,false,true,false,202.202,Tidal,Kielder,All Year,Very Low,Devon and Cornwall (South West),0.50,false,false,6,45,0.52,0,202.202,0,1.0,0.003,S126 x 0.5,,,1.0,12.91,0,202.202,0.606606,202.202,3.91564173,0,3.91564173,false,false,7.83128346,true,202.202,0
114,true,false,false,0,Supported,Unsupported,Winter,Low,Devon and Cornwall (South West),1.00,false,false,0,0,0.00,19.71,0,3.0,0.16,0.03,S126 x 1.0,,,0.0,0.0,0,0,0,0,0,0,0,true,false,0,false,0,0
115,true,false,false,0.001,Tidal,Unsupported,Summer,Medium,Wales,1.00,false,false,0,0,0.00,13.58,0.001,0.2,1.6,0.6,S126 x 1.0,,,0.0,0.0,0.0002,0.00032,0.000192,0.001,0.00260736,0.00260736,0.00260736,true,false,0,false,0,0.00260736
116,true,false,false,0.001,Unsupported,Unsupported,Summer,High,Thames,1.00,false,true,0,0,0.01,13.84,0.001,1.0,1.6,1.0,S126 x 1.0,,S130U x 0.5,0.0,0.0,0.001,0.0016,0.0016,0.001,0.022144,0.022144,0.011072,true,false,0,false,0,0.022144
117,true,false,false,3637,Supported,Tidal,Winter,High,North and South Wessex,1.00,false,true,0,0,28674.11,19.71,3637,3.0,0.16,1.0,S126 x 1.0,,S130S x 0.833,0.0,0.0,10911,1745.76,1745.76,3637,34408.9296,34408.9296,28674.10799,true,false,0,false,0,34408.9296
118,true,false,false,1.1,Kielder,Unsupported,All Year,Low,Devon and Cornwall (South West),1.00,false,false,0,0,1.95,19.71,1.1,3.0,1.0,0.03,S126 x 1.0,,,0.0,0.0,3.3,3.3,0.099,1.1,1.95129,1.95129,1.95129,true,false,0,false,0,1.95129
119,true,false,false,404.404,Kielder,Supported,Winter,High,South West (incl Wessex),1.00,false,false,0,0,3825.99,19.71,404.404,3.0,0.16,1.0,S126 x 1.0,,,0.0,0.0,1213.212,194.11392,194.11392,404.404,3825.985363,3825.985363,3825.985363,true,false,0,false,0,3825.985363
120,true,false,false,2,Kielder,Unsupported,All Year,Low,Wales,1.00,false,true,0,0,2.04,13.58,2,3.0,1.0,0.03,S126 x 1.0,,S130S x 0.833,0.0,0.0,6,6,0.18,2,2.4444,2.4444,2.036999999,true,false,0,false,0,2.4444
121,true,false,false,0.009,Kielder,Supported,Summer,Low,Devon and Cornwall (South West),1.00,false,false,0,0,0.03,19.71,0.009,3.0,1.6,0.03,S126 x 1.0,,,0.0,0.0,0.027,0.0432,0.001296,0.009,0.02554416,0.02554416,0.02554416,true,false,0,false,0,0.02554416
122,true,false,false,1,Unsupported,Unsupported,Winter,Medium,North and South Wessex,1.00,false,true,0,0,0.95,19.71,1,1.0,0.16,0.6,S126 x 1.0,,S130U x 0.5,0.0,0.0,1,0.16,0.096,1,1.89216,1.89216,0.94608,true,false,0,false,0,1.89216
123,true,false,false,0.999,Unsupported,Supported,All Year,High,Wales,1.00,true,true,0,0,3.39,13.58,0.999,1.0,1.0,1.0,S126 x 1.0,S127 x 0.5,S130U x 0.5,0.0,0.0,0.999,0.999,0.999,0.999,13.56642,6.78321,3.391605,true,false,0,false,0,13.56642
124,true,false,false,75,Unsupported, ,Winter,High,Devon and Cornwall (South West),1.00,true,false,0,0,118.26,19.71,75,1.0,0.16,1.0,S126 x 1.0,S127 x 0.5,,0.0,0.0,75,12,12,75,236.52,118.26,118.26,true,false,0,false,0,236.52
125,false,true,false,0,Tidal,Unsupported,Winter,High,Thames,1.00,false,false,214,366,0.00,0,0,0,0.16,1.0,S126 x 1.0,,,1.0,0.83,0,0,0,0,0,0,0,false,false,0,true,0,0
126,false,true,false,3.1,Supported,Unsupported,Winter,Low,North and South Wessex,1.00,false,false,365,365,0.19,0,3.1,0,0.16,0.03,S126 x 1.0,,,1.0,12.91,0,0.496,0.01488,3.1,0.1921008,0,0.1921008,false,false,0.1921008,true,3.1,0
127,false,true,false,0.009,Unsupported,Tidal,All Year,Very Low,Wales,1.00,false,true,214,366,0.00,0,0.009,0,1.0,0.003,S126 x 1.0,,S130U x 0.5,0.2,8.69,0,0.0018,0.0000054,0.009,0.000046926,0,0.000023463,false,false,0.000046926,true,0.0018,0
128,false,true,false,5.4,Kielder,Unsupported,All Year,Medium,Wales,0.50,false,false,366,366,14.08,0,5.4,0,1.0,0.6,S126 x 0.5,,,1.0,8.69,0,5.4,3.24,5.4,14.0778,0,14.0778,false,false,28.1556,true,5.4,0
129,false,true,false,32.991,Kielder,Other,Summer,High,Thames,1.00,false,false,31,245,5.54,0,32.991,0,1.6,1.0,S126 x 1.0,,,1.0,0.83,0,52.7856,52.7856,32.991,43.812048,0,43.812048,false,false,43.812048,true,32.991,0
130,false,true,true,202.202,Tidal,Kielder,All Year,Very Low,Devon and Cornwall (South West),0.50,false,false,6,45,0.00,0,202.202,0,1.0,0.003,S126 x 0.5,,,1.0,0.00,0,202.202,0.606606,202.202,0,0,0,false,true,0,true,202.202,0
